{
  "ABIRoot": {
    "kind": "Root",
    "name": "HyperFPS",
    "printedName": "HyperFPS",
    "children": [
      {
        "kind": "Import",
        "name": "Foundation",
        "printedName": "Foundation",
        "declKind": "Import",
        "moduleName": "HyperFPS",
        "declAttributes": [
          "RawDocComment"
        ]
      },
      {
        "kind": "Import",
        "name": "UIKit",
        "printedName": "UIKit",
        "declKind": "Import",
        "moduleName": "HyperFPS"
      },
      {
        "kind": "Import",
        "name": "MobileCoreServices",
        "printedName": "MobileCoreServices",
        "declKind": "Import",
        "moduleName": "HyperFPS"
      },
      {
        "kind": "Import",
        "name": "HyperSDK",
        "printedName": "HyperSDK",
        "declKind": "Import",
        "moduleName": "HyperFPS"
      },
      {
        "kind": "TypeDecl",
        "name": "HyperFPSJSInterfaceSwift",
        "printedName": "HyperFPSJSInterfaceSwift",
        "children": [
          {
            "kind": "Var",
            "name": "bridgeComponent",
            "printedName": "bridgeComponent",
            "children": [
              {
                "kind": "TypeNominal",
                "name": "Optional",
                "printedName": "(any HyperSDK.BridgeComponent)?",
                "children": [
                  {
                    "kind": "TypeNominal",
                    "name": "BridgeComponent",
                    "printedName": "any HyperSDK.BridgeComponent",
                    "usr": "c:objc(pl)BridgeComponent"
                  }
                ],
                "usr": "s:Sq"
              }
            ],
            "declKind": "Var",
            "usr": "s:8HyperFPS0A19FPSJSInterfaceSwiftC15bridgeComponentSo06BridgeF0_pSgvp",
            "mangledName": "$s8HyperFPS0A19FPSJSInterfaceSwiftC15bridgeComponentSo06BridgeF0_pSgvp",
            "moduleName": "HyperFPS",
            "declAttributes": [
              "HasInitialValue",
              "HasStorage",
              "AccessControl"
            ],
            "hasStorage": true,
            "accessors": [
              {
                "kind": "Accessor",
                "name": "Get",
                "printedName": "Get()",
                "children": [
                  {
                    "kind": "TypeNominal",
                    "name": "Optional",
                    "printedName": "(any HyperSDK.BridgeComponent)?",
                    "children": [
                      {
                        "kind": "TypeNominal",
                        "name": "BridgeComponent",
                        "printedName": "any HyperSDK.BridgeComponent",
                        "usr": "c:objc(pl)BridgeComponent"
                      }
                    ],
                    "usr": "s:Sq"
                  }
                ],
                "declKind": "Accessor",
                "usr": "s:8HyperFPS0A19FPSJSInterfaceSwiftC15bridgeComponentSo06BridgeF0_pSgvg",
                "mangledName": "$s8HyperFPS0A19FPSJSInterfaceSwiftC15bridgeComponentSo06BridgeF0_pSgvg",
                "moduleName": "HyperFPS",
                "implicit": true,
                "accessorKind": "get"
              },
              {
                "kind": "Accessor",
                "name": "Set",
                "printedName": "Set()",
                "children": [
                  {
                    "kind": "TypeNominal",
                    "name": "Void",
                    "printedName": "()"
                  },
                  {
                    "kind": "TypeNominal",
                    "name": "Optional",
                    "printedName": "(any HyperSDK.BridgeComponent)?",
                    "children": [
                      {
                        "kind": "TypeNominal",
                        "name": "BridgeComponent",
                        "printedName": "any HyperSDK.BridgeComponent",
                        "usr": "c:objc(pl)BridgeComponent"
                      }
                    ],
                    "usr": "s:Sq"
                  }
                ],
                "declKind": "Accessor",
                "usr": "s:8HyperFPS0A19FPSJSInterfaceSwiftC15bridgeComponentSo06BridgeF0_pSgvs",
                "mangledName": "$s8HyperFPS0A19FPSJSInterfaceSwiftC15bridgeComponentSo06BridgeF0_pSgvs",
                "moduleName": "HyperFPS",
                "implicit": true,
                "accessorKind": "set"
              },
              {
                "kind": "Accessor",
                "name": "Modify",
                "printedName": "Modify()",
                "children": [
                  {
                    "kind": "TypeNominal",
                    "name": "Void",
                    "printedName": "()"
                  }
                ],
                "declKind": "Accessor",
                "usr": "s:8HyperFPS0A19FPSJSInterfaceSwiftC15bridgeComponentSo06BridgeF0_pSgvM",
                "mangledName": "$s8HyperFPS0A19FPSJSInterfaceSwiftC15bridgeComponentSo06BridgeF0_pSgvM",
                "moduleName": "HyperFPS",
                "implicit": true,
                "accessorKind": "_modify"
              }
            ]
          },
          {
            "kind": "Function",
            "name": "paymentIntent",
            "printedName": "paymentIntent(_:_:_:_:_:_:)",
            "children": [
              {
                "kind": "TypeNominal",
                "name": "Void",
                "printedName": "()"
              },
              {
                "kind": "TypeNominal",
                "name": "String",
                "printedName": "Swift.String",
                "usr": "s:SS"
              },
              {
                "kind": "TypeNominal",
                "name": "Optional",
                "printedName": "Swift.String?",
                "children": [
                  {
                    "kind": "TypeNominal",
                    "name": "String",
                    "printedName": "Swift.String",
                    "usr": "s:SS"
                  }
                ],
                "usr": "s:Sq"
              },
              {
                "kind": "TypeNominal",
                "name": "Optional",
                "printedName": "Swift.String?",
                "children": [
                  {
                    "kind": "TypeNominal",
                    "name": "String",
                    "printedName": "Swift.String",
                    "usr": "s:SS"
                  }
                ],
                "usr": "s:Sq"
              },
              {
                "kind": "TypeNominal",
                "name": "NSNumber",
                "printedName": "Foundation.NSNumber",
                "usr": "c:objc(cs)NSNumber"
              },
              {
                "kind": "TypeNominal",
                "name": "NSNumber",
                "printedName": "Foundation.NSNumber",
                "usr": "c:objc(cs)NSNumber"
              },
              {
                "kind": "TypeNominal",
                "name": "Optional",
                "printedName": "Swift.String?",
                "children": [
                  {
                    "kind": "TypeNominal",
                    "name": "String",
                    "printedName": "Swift.String",
                    "usr": "s:SS"
                  }
                ],
                "usr": "s:Sq"
              }
            ],
            "declKind": "Func",
            "usr": "c:@M@HyperFPS@objc(cs)HyperFPSJSInterfaceSwift(im)paymentIntent::::::",
            "mangledName": "$s8HyperFPS0A19FPSJSInterfaceSwiftC13paymentIntentyySS_SSSgAESo8NSNumberCAgEtF",
            "moduleName": "HyperFPS",
            "declAttributes": [
              "AccessControl",
              "ObjC"
            ],
            "funcSelfKind": "NonMutating"
          },
          {
            "kind": "Constructor",
            "name": "init",
            "printedName": "init()",
            "children": [
              {
                "kind": "TypeNominal",
                "name": "HyperFPSJSInterfaceSwift",
                "printedName": "HyperFPS.HyperFPSJSInterfaceSwift",
                "usr": "c:@M@HyperFPS@objc(cs)HyperFPSJSInterfaceSwift"
              }
            ],
            "declKind": "Constructor",
            "usr": "c:@M@HyperFPS@objc(cs)HyperFPSJSInterfaceSwift(im)init",
            "mangledName": "$s8HyperFPS0A19FPSJSInterfaceSwiftCACycfc",
            "moduleName": "HyperFPS",
            "overriding": true,
            "implicit": true,
            "objc_name": "init",
            "declAttributes": [
              "Dynamic",
              "ObjC",
              "Override"
            ],
            "init_kind": "Designated"
          }
        ],
        "declKind": "Class",
        "usr": "c:@M@HyperFPS@objc(cs)HyperFPSJSInterfaceSwift",
        "mangledName": "$s8HyperFPS0A19FPSJSInterfaceSwiftC",
        "moduleName": "HyperFPS",
        "declAttributes": [
          "AccessControl",
          "ObjC"
        ],
        "superclassUsr": "c:objc(cs)NSObject",
        "inheritsConvenienceInitializers": true,
        "superclassNames": [
          "ObjectiveC.NSObject"
        ],
        "conformances": [
          {
            "kind": "Conformance",
            "name": "Copyable",
            "printedName": "Copyable",
            "usr": "s:s8CopyableP",
            "mangledName": "$ss8CopyableP"
          },
          {
            "kind": "Conformance",
            "name": "Escapable",
            "printedName": "Escapable",
            "usr": "s:s9EscapableP",
            "mangledName": "$ss9EscapableP"
          },
          {
            "kind": "Conformance",
            "name": "Equatable",
            "printedName": "Equatable",
            "usr": "s:SQ",
            "mangledName": "$sSQ"
          },
          {
            "kind": "Conformance",
            "name": "Hashable",
            "printedName": "Hashable",
            "usr": "s:SH",
            "mangledName": "$sSH"
          },
          {
            "kind": "Conformance",
            "name": "CVarArg",
            "printedName": "CVarArg",
            "usr": "s:s7CVarArgP",
            "mangledName": "$ss7CVarArgP"
          },
          {
            "kind": "Conformance",
            "name": "_KeyValueCodingAndObservingPublishing",
            "printedName": "_KeyValueCodingAndObservingPublishing",
            "usr": "s:10Foundation37_KeyValueCodingAndObservingPublishingP",
            "mangledName": "$s10Foundation37_KeyValueCodingAndObservingPublishingP"
          },
          {
            "kind": "Conformance",
            "name": "_KeyValueCodingAndObserving",
            "printedName": "_KeyValueCodingAndObserving",
            "usr": "s:10Foundation27_KeyValueCodingAndObservingP",
            "mangledName": "$s10Foundation27_KeyValueCodingAndObservingP"
          },
          {
            "kind": "Conformance",
            "name": "CustomStringConvertible",
            "printedName": "CustomStringConvertible",
            "usr": "s:s23CustomStringConvertibleP",
            "mangledName": "$ss23CustomStringConvertibleP"
          },
          {
            "kind": "Conformance",
            "name": "CustomDebugStringConvertible",
            "printedName": "CustomDebugStringConvertible",
            "usr": "s:s28CustomDebugStringConvertibleP",
            "mangledName": "$ss28CustomDebugStringConvertibleP"
          }
        ]
      },
      {
        "kind": "Import",
        "name": "UIKit",
        "printedName": "UIKit",
        "declKind": "Import",
        "moduleName": "HyperFPS",
        "declAttributes": [
          "RawDocComment"
        ]
      },
      {
        "kind": "Import",
        "name": "HyperSDK",
        "printedName": "HyperSDK",
        "declKind": "Import",
        "moduleName": "HyperFPS"
      }
    ],
    "json_format_version": 8
  },
  "ConstValues": [
    {
      "filePath": "\/Users\/selvam.s\/Desktop\/devtools-ios-FPS copy\/HyperFPS\/HyperFPS\/HyperFPSJSInterface.swift",
      "kind": "StringLiteral",
      "offset": 301,
      "length": 14,
      "value": "\"hk.com.hkicl\""
    },
    {
      "filePath": "\/Users\/selvam.s\/Desktop\/devtools-ios-FPS copy\/HyperFPS\/HyperFPS\/HyperFPS.swift",
      "kind": "StringLiteral",
      "offset": 2308,
      "length": 14,
      "value": "\"fpsDidFinish\""
    }
  ]
}